fill	xmin	xmax	ymin	ymax	key	showSelected1	showSelected2
#8DD3C7	1.09523619133257	4.7885975972541	0.482014246826361	4.93746437006758	Subject 1	1	Subject 1
#BEBADA	-2.03874212580218	0.179949440217823	2.3208721167878	7.02570945401662	Subject 2	1	Subject 2
#FB8072	-0.987784499445511	2.84029814479487	-5.19527316320964	-0.160169641239717	Subject 3	1	Subject 3
#80B1D3	-1.14161213966422	4.07306255950838	-2.15311434593114	1.23795927866165	Subject 4	1	Subject 4
#FDB462	-1.93906008435048	3.95613337691448	-2.4191202344363	2.08583488886167	Subject 5	1	Subject 5
#B3DE69	-1.79701446637987	1.77251640201393	0.23040513567682	2.51339645660348	Subject 6	1	Subject 6
#FCCDE5	1.35167868626234	5.09440930349341	-2.0762763386424	1.13926465297811	Subject 7	1	Subject 7
#D9D9D9	-1.10773653422881	1.12910038057641	-6.78745704472129	-3.63836463889781	Subject 8	1	Subject 8
#BC80BD	2.00679875033845	6.46689610516972	-5.57383003217772	-3.98803768212436	Subject 9	1	Subject 9
#FFFFB3	-1.60543076012478	1.7545743639151	0.722165388014257	4.75828799490651	Subject 10	1	Subject 10
#8DD3C7	-1.004385478229	2.62837987903002	-0.634590000308179	2.32229106112397	Subject 1	2	Subject 1
#BEBADA	-2.41472987953014	1.77050068533547	-3.3225846884554	0.587228924933896	Subject 2	2	Subject 2
#FB8072	-0.374585392283719	4.20723833508179	1.03969595858418	5.66321412058373	Subject 3	2	Subject 3
#80B1D3	-3.75327806779949	1.64645875949319	-0.0374397096791954	3.00903693254846	Subject 4	2	Subject 4
#FDB462	-3.97291605910136	-0.700208118575822	-1.34906429951386	2.10810688591228	Subject 5	2	Subject 5
#B3DE69	-1.38563526424464	3.91690736779951	-1.53739675425792	3.04359974342377	Subject 6	2	Subject 6
#FCCDE5	-3.39071041224938	0.945137707502694	-0.825511736806754	3.94266700102784	Subject 7	2	Subject 7
#D9D9D9	0.768949474093695	5.80745557279132	-1.85221802111192	2.61154956742825	Subject 8	2	Subject 8
#BC80BD	-2.92325668937201	1.99747187891863	-7.34329201760103	-4.22906831501071	Subject 9	2	Subject 9
#FFFFB3	-0.649143314629018	4.07173484823784	-0.680343643614753	2.21987545773739	Subject 10	2	Subject 10
#8DD3C7	1.02493133181061	6.2258967074091	1.09677902730224	5.07168647643484	Subject 1	3	Subject 1
#BEBADA	-1.4065326685198	3.63821841864792	-2.70638421008036	1.40168851786167	Subject 2	3	Subject 2
#FB8072	-0.721515218260903	2.27527613489925	-0.156585260624056	3.35797950352928	Subject 3	3	Subject 3
#80B1D3	-2.56603402591455	3.28244787575819	1.33432947812395	4.83011234743605	Subject 4	3	Subject 4
#FDB462	-3.45527108594215	-0.122044494699965	-3.09102821893839	-0.752127298853204	Subject 5	3	Subject 5
#B3DE69	-0.228763110147261	3.87675070230881	-3.23041831031878	0.387247962807407	Subject 6	3	Subject 6
#FCCDE5	-1.62315175055861	1.95459236757253	-3.70715223276864	-0.21980249064644	Subject 7	3	Subject 7
#D9D9D9	-1.70433832668636	2.17331150135867	-5.96937349917719	0.732517501167607	Subject 8	3	Subject 8
#BC80BD	0.372596139891571	4.56078917439307	-0.858976777922818	1.77890699088746	Subject 9	3	Subject 9
#FFFFB3	0.183965742017995	4.303126700015	-0.462219429980923	3.67503678857768	Subject 10	3	Subject 10
#8DD3C7	-4.14419648551404	-0.230303783751126	-0.444409573577322	3.51489195127146	Subject 1	4	Subject 1
#BEBADA	-3.69703197392038	-0.584710991826809	-1.80998229593315	0.638472881719256	Subject 2	4	Subject 2
#FB8072	-0.728253225163617	2.82706276995164	-2.18345900648714	2.98371054274854	Subject 3	4	Subject 3
#80B1D3	-3.17855583022396	0.791999290687806	0.782602137446973	4.50895643607289	Subject 4	4	Subject 4
#FDB462	-0.996710804080455	2.58942034686162	1.51363414828851	5.04578882361625	Subject 5	4	Subject 5
#B3DE69	-2.61321077453573	2.50017524883247	-3.17510137281854	-0.413353700804751	Subject 6	4	Subject 6
#FCCDE5	-2.186846792072	1.33216036627402	-1.83075810361169	2.16147986261098	Subject 7	4	Subject 7
#D9D9D9	-5.03277117453785	-1.46594020713858	1.20313789081523	4.40285571286357	Subject 8	4	Subject 8
#BC80BD	-3.99792718899602	0.69893538755608	-2.27271299615738	1.19379467389218	Subject 9	4	Subject 9
#FFFFB3	-0.31278291117867	2.63084867565042	-2.34877659267029	2.9388986529143	Subject 10	4	Subject 10
#8DD3C7	-1.42677968691547	2.72467620594696	-2.06203556818635	2.14292301240128	Subject 1	5	Subject 1
#BEBADA	-2.85151028312645	0.564380746523746	0.345782125907672	4.00069414793478	Subject 2	5	Subject 2
#FB8072	-0.857989601380356	3.51081713124989	-5.11641757435561	-0.863805870991159	Subject 3	5	Subject 3
#80B1D3	-1.87280400111566	2.42185033860386	2.52591907536902	5.23191660988447	Subject 4	5	Subject 4
#FDB462	0.319656782645965	4.04039740930339	0.709141179227337	3.74997073484697	Subject 5	5	Subject 5
#B3DE69	2.53296218290856	5.1967255280154	-2.34443940461145	2.74133544906845	Subject 6	5	Subject 6
#FCCDE5	-3.335759431439	1.36498938700103	-4.59990171263619	-0.196126807920478	Subject 7	5	Subject 7
#D9D9D9	-0.367797715976451	4.18639890629758	-0.507226368275686	4.07926116844361	Subject 8	5	Subject 8
#BC80BD	-0.412050586242318	2.75164282095627	-1.44122649544744	4.37400195070651	Subject 9	5	Subject 9
#FFFFB3	1.58842524553221	3.99383708352597	-1.57712196714397	2.55169946145841	Subject 10	5	Subject 10
#8DD3C7	-4.99469242068472	-0.609024530241321	-3.66656224392427	0.0616740409643315	Subject 1	6	Subject 1
#BEBADA	0.0433108316316861	3.69179795810259	2.1999683360287	7.1479203319039	Subject 2	6	Subject 2
#FB8072	1.80354830139572	5.28175220803945	-0.583659295174438	2.21475827471662	Subject 3	6	Subject 3
#80B1D3	3.85314408494219	6.78501288425503	-1.33515815282341	2.19872575080109	Subject 4	6	Subject 4
#FDB462	-3.76790614811439	0.660459755152304	-0.274085019214222	3.4565635856326	Subject 5	6	Subject 5
#B3DE69	-3.01470201404071	0.811279751532291	-1.12968692369864	2.4793476681705	Subject 6	6	Subject 6
#FCCDE5	-2.46947665384426	2.04619107480377	-2.33852957990768	3.01017743208404	Subject 7	6	Subject 7
#D9D9D9	-2.79092892550142	0.974705797192656	1.5649571977534	5.54219249645499	Subject 8	6	Subject 8
#BC80BD	-1.7622357333741	1.57926084080413	-1.95617334573593	2.28805250536752	Subject 9	6	Subject 9
#FFFFB3	-1.79587423739237	3.45436236668635	-3.49601855425249	-0.438390262116411	Subject 10	6	Subject 10
#8DD3C7	-2.49481225885485	2.37794315281655	-3.7791883318595	0.794563365624074	Subject 1	7	Subject 1
#BEBADA	0.911365310124638	5.88091032409476	-1.22480088798736	2.82100269173774	Subject 2	7	Subject 2
#FB8072	1.72503999667757	6.10888666170467	-3.7756979832035	0.381714556972378	Subject 3	7	Subject 3
#80B1D3	2.82350520915393	4.97194954608646	-1.13574468931489	3.29582068355388	Subject 4	7	Subject 4
#FDB462	-3.33427573063758	0.611727532536257	1.49368666723444	5.09713693118423	Subject 5	7	Subject 5
#B3DE69	2.96753478010365	8.03230799444193	-4.02273655880528	1.28724166694627	Subject 6	7	Subject 6
#FCCDE5	1.02714814089328	5.84034317830489	-3.0120782083631	1.45831519151084	Subject 7	7	Subject 7
#D9D9D9	-0.558026691224375	3.25115683467134	-0.585536985810973	2.17179274361443	Subject 8	7	Subject 8
#BC80BD	2.15718046187837	3.45725065331467	-4.02597996784498	1.35559548854056	Subject 9	7	Subject 9
#FFFFB3	-2.57325377770429	1.48771286109683	-2.66879738827747	2.53566154873236	Subject 10	7	Subject 10
#8DD3C7	1.25045831127699	5.24583754345053	-2.53971259186183	1.38932522688818	Subject 1	8	Subject 1
#BEBADA	-4.10537988820222	0.654862279459838	0.0715424327892065	3.31262177905826	Subject 2	8	Subject 2
#FB8072	-1.55810814364724	2.48088276922532	-2.30758976711162	0.658050871949229	Subject 3	8	Subject 3
#80B1D3	0.503491563771833	5.23856370538627	3.53947693765568	6.90874498368486	Subject 4	8	Subject 4
#FDB462	-0.239319671344849	3.61420770165628	-1.74081580316136	2.84599191685164	Subject 5	8	Subject 5
#B3DE69	0.324968275013256	4.26708093963197	-1.94650968396828	1.63716765984807	Subject 6	8	Subject 6
#FCCDE5	4.27800236468856	8.7603718307931	-1.14007907822056	2.07503311227412	Subject 7	8	Subject 7
#D9D9D9	-2.53323246718721	2.45971116958853	0.443418607509813	4.60683492699591	Subject 8	8	Subject 8
#BC80BD	-4.00320248084225	-1.24959797887429	-0.386961912039687	2.37632385285096	Subject 9	8	Subject 9
#FFFFB3	0.164134307283634	4.13064678243802	-4.97417036654091	0.0717034096957594	Subject 10	8	Subject 10
#8DD3C7	-1.15847729991661	2.82009563504177	0.031456473683249	4.75563027436662	Subject 1	9	Subject 1
#BEBADA	-0.15699141213681	4.51350665885947	-1.5347610559071	1.63268611832869	Subject 2	9	Subject 2
#FB8072	0.11932118243615	3.68470414386374	-3.01042871377112	1.72209977299729	Subject 3	9	Subject 3
#80B1D3	0.356458553883539	3.24257877057069	-0.358508351505604	2.76956477849718	Subject 4	9	Subject 4
#FDB462	3.11521108744648	7.72231708232498	1.10389244597249	4.6504949347427	Subject 5	9	Subject 5
#B3DE69	-1.98838439858968	2.28707257014991	-1.84068380865889	3.34685046997019	Subject 6	9	Subject 6
#FCCDE5	1.5122673697486	6.66961443916334	-3.72898045122444	-0.0191257630145236	Subject 7	9	Subject 7
#D9D9D9	0.704386804845614	3.02190594536736	-4.12762488123344	0.700921263731992	Subject 8	9	Subject 8
#BC80BD	-1.91407115506088	2.173247933834	-2.49117679576629	1.21759549545454	Subject 9	9	Subject 9
#FFFFB3	-1.01420824500436	4.33915364893831	-1.36603504837496	1.05760254687713	Subject 10	9	Subject 10
#8DD3C7	-2.90871307152364	3.51345028372795	2.09679052448233	6.4169785387793	Subject 1	10	Subject 1
#BEBADA	-1.63862527285518	1.2845458250264	-0.672021245684137	3.0261088285386	Subject 2	10	Subject 2
#FB8072	-1.2115516974359	3.2743894129672	1.22912707402215	5.7274757595801	Subject 3	10	Subject 3
#80B1D3	-1.36688328739129	4.021638451353	-4.01434261254904	-0.563879530465792	Subject 4	10	Subject 4
#FDB462	-0.208887372681016	3.59545581003444	2.03234130257558	5.75308479893834	Subject 5	10	Subject 5
#B3DE69	-0.377407058296586	3.4044181439972	-2.92937706488623	2.1671363782255	Subject 6	10	Subject 6
#FCCDE5	3.93679306047344	7.632015105927	-1.77386871499711	2.6681443731817	Subject 7	10	Subject 7
#D9D9D9	-3.07091303662656	1.52691968748488	-3.33934566681193	0.901670627214182	Subject 8	10	Subject 8
#BC80BD	-1.52836330682344	3.86906610399232	-0.604457539463337	3.13993480518114	Subject 9	10	Subject 9
#FFFFB3	0.354353175593681	5.04197293683364	2.10516165272066	7.03619455420555	Subject 10	10	Subject 10
#8DD3C7	2.4718471960434	7.26780314545849	-3.31482425736281	2.70506636411317	Subject 1	11	Subject 1
#BEBADA	-0.811778745184484	1.73469168968272	-1.25816749286521	2.21244662081753	Subject 2	11	Subject 2
#FB8072	0.261776198827286	4.36017161983312	-3.99092057484273	-0.461707547826773	Subject 3	11	Subject 3
#80B1D3	0.595019318500416	4.00124833426726	-1.62809842157582	0.825964654406658	Subject 4	11	Subject 4
#FDB462	-1.40085204103905	3.48742912759546	-2.43444015671543	1.5250331199894	Subject 5	11	Subject 5
#B3DE69	-1.82401251974134	2.22905789575732	-2.79031755245454	2.10003875301613	Subject 6	11	Subject 6
#FCCDE5	0.473646252909125	3.91662262706447	-4.24197527282953	-2.31336312375874	Subject 7	11	Subject 7
#D9D9D9	1.29182524753958	5.7302222837123	-0.348130339390382	3.4018045405366	Subject 8	11	Subject 8
#BC80BD	3.0773804786319	7.22998863727432	-1.573020659183	1.24532891416368	Subject 9	11	Subject 9
#FFFFB3	-3.53599678568365	0.299385632566791	1.42001375515587	6.86195102017278	Subject 10	11	Subject 10
#8DD3C7	2.70860812041777	7.52297403509768	-3.40311406964325	0.587829455063763	Subject 1	12	Subject 1
#BEBADA	0.0199902896161133	6.11802109974649	-0.572762186462536	1.9691043262927	Subject 2	12	Subject 2
#FB8072	3.10818613322417	7.40916618837674	-0.805250075811615	3.88927957068325	Subject 3	12	Subject 3
#80B1D3	-0.793098130837753	2.12382672732302	-0.376267219901773	1.16239730491174	Subject 4	12	Subject 4
#FDB462	2.80446470084541	5.79814219904213	-0.662326000348774	3.48096376369168	Subject 5	12	Subject 5
#B3DE69	-0.752315734807664	3.21226970027472	-1.24215051390449	2.36662736696845	Subject 6	12	Subject 6
#FCCDE5	0.387352864624551	5.69647722547797	2.68226991457389	6.19110582895982	Subject 7	12	Subject 7
#D9D9D9	-0.573992276653176	4.17640820999354	0.770200929203259	4.48655347675121	Subject 8	12	Subject 8
#BC80BD	0.912097997220073	2.77372966960765	4.97433333731256	9.28912814202041	Subject 9	12	Subject 9
#FFFFB3	1.84240737109238	5.14205326222575	-2.58831849808792	1.80800807985107	Subject 10	12	Subject 10
#8DD3C7	-0.3657777817288	4.66336293758496	-1.61413814608754	3.50083365240787	Subject 1	13	Subject 1
#BEBADA	-3.70728829454093	1.20748657317869	-0.723799545941756	2.86325560113115	Subject 2	13	Subject 2
#FB8072	-2.27723046330418	1.72031327001626	-0.279634245209318	2.59138835678385	Subject 3	13	Subject 3
#80B1D3	-2.40732032415167	1.72868922826206	1.76578527974113	5.67785394796408	Subject 4	13	Subject 4
#FDB462	2.48380366625543	5.7636501213123	-3.05074564825572	3.19115804505691	Subject 5	13	Subject 5
#B3DE69	0.211832201283048	4.01370787123183	-0.368403668745843	5.67290950200465	Subject 6	13	Subject 6
#FCCDE5	1.65395761786015	4.62474881181188	1.95709937943583	4.23729904271438	Subject 7	13	Subject 7
#D9D9D9	-2.03437709398532	0.99866701016206	-2.90018247898085	0.742910864896767	Subject 8	13	Subject 8
#BC80BD	0.13923053106692	2.91841744214783	-1.22412254644313	4.30915794571917	Subject 9	13	Subject 9
#FFFFB3	1.30680009437457	6.14300779831941	-0.703321323955705	3.25843457943406	Subject 10	13	Subject 10
#8DD3C7	4.1090432439263	7.8806097253794	-3.42818699684796	-0.989452783005005	Subject 1	14	Subject 1
#BEBADA	0.306743253685369	3.9589151730751	-3.00603054300779	1.31874011758691	Subject 2	14	Subject 2
#FB8072	1.74390753807739	6.27603615758412	-1.21746405464216	2.6257456284056	Subject 3	14	Subject 3
#80B1D3	0.444865197369909	6.0520997596311	1.43891236689678	6.31669622763114	Subject 4	14	Subject 4
#FDB462	7.00123172790182	11.5150462540184	-1.52347841729488	3.22668815788576	Subject 5	14	Subject 5
#B3DE69	1.94971855325853	7.33209171383155	-0.425765270805029	3.8752881330378	Subject 6	14	Subject 6
#FCCDE5	-1.99462666270679	2.76847038584311	-1.47561937812078	4.01719173910853	Subject 7	14	Subject 7
#D9D9D9	-0.0954700660094805	3.27994538935641	-1.24772729396544	1.22677890586486	Subject 8	14	Subject 8
#BC80BD	1.49969866902963	5.58124246945862	1.66903575825897	6.57975331674499	Subject 9	14	Subject 9
#FFFFB3	-3.6900408490416	1.68603826232317	-2.00326036223786	0.417207609904597	Subject 10	14	Subject 10
#8DD3C7	2.1486470059639	6.20221802251042	-1.83641526726914	2.15075499886368	Subject 1	15	Subject 1
#BEBADA	1.39673379645647	4.96183538754643	-0.890654565154158	3.26129275683024	Subject 2	15	Subject 2
#FB8072	3.80317194157083	6.06587468622853	-2.66186570770028	1.9366454237008	Subject 3	15	Subject 3
#80B1D3	1.78947250572086	4.52577690593843	-4.40291274029112	-0.529125177589403	Subject 4	15	Subject 4
#FDB462	-2.34055392900682	2.06575458306246	-0.814931825575368	2.93653260857786	Subject 5	15	Subject 5
#B3DE69	-2.2858193841423	0.25452664807794	1.51038804147248	5.6707154363771	Subject 6	15	Subject 6
#FCCDE5	1.55771836340018	6.60617573355488	3.47148010339798	7.03783816180071	Subject 7	15	Subject 7
#D9D9D9	1.52646207350825	4.18003153405805	-1.2634938176358	4.27391860146447	Subject 8	15	Subject 8
#BC80BD	-0.0452515080594143	3.76117793382709	0.423783418889708	2.25353684227363	Subject 9	15	Subject 9
#FFFFB3	0.379031058849556	4.37669510173588	0.912462252834025	5.93946687212546	Subject 10	15	Subject 10
#8DD3C7	0.20247751646501	5.20359075077526	-4.36438400609639	0.101128611616593	Subject 1	16	Subject 1
#BEBADA	1.67091477584465	6.41836676748492	-0.196819985934107	4.37753623969286	Subject 2	16	Subject 2
#FB8072	3.48859400564092	6.86201916891778	4.16241859889484	7.93171860873743	Subject 3	16	Subject 3
#80B1D3	2.67352450110169	7.0687481870384	-0.439369125862295	4.73287338244016	Subject 4	16	Subject 4
#FDB462	0.325040258931378	3.4328723048858	1.16521823569	6.55792094242313	Subject 5	16	Subject 5
#B3DE69	4.01272978153778	8.64354819162956	1.60833437597499	4.94634312026541	Subject 6	16	Subject 6
#FCCDE5	-1.82959927894081	1.73769553777462	-1.3205459523939	1.90208484088108	Subject 7	16	Subject 7
#D9D9D9	2.70172342484872	7.15386206906723	1.2511526675044	5.76469124641318	Subject 8	16	Subject 8
#BC80BD	-0.00720506947057231	4.36079397572577	0.762559049999281	3.84924681195801	Subject 9	16	Subject 9
#FFFFB3	-2.49953630605985	1.23007620427824	0.237910487924377	3.78848668267408	Subject 10	16	Subject 10
#8DD3C7	3.3054563496558	6.70627444675868	1.03051634342542	5.74865254946753	Subject 1	17	Subject 1
#BEBADA	-0.375407023948026	4.88149962002361	-0.628671557564259	3.86078546027801	Subject 2	17	Subject 2
#FB8072	-2.48300434251033	1.57050367111703	-2.42420763846092	1.40190401566081	Subject 3	17	Subject 3
#80B1D3	2.36473540880837	7.09282792648022	1.43640104899595	4.21870156032755	Subject 4	17	Subject 4
#FDB462	-2.58562948169381	2.9754685865168	1.98353032728461	6.62992869599407	Subject 5	17	Subject 5
#B3DE69	-1.44201289170629	2.8236118618909	-2.84221386141537	0.24133011023674	Subject 6	17	Subject 6
#FCCDE5	-5.17422848843943	-0.0975022292321608	-0.888066749025289	1.86010980854915	Subject 7	17	Subject 7
#D9D9D9	2.9571266786205	7.16782461029975	-1.18195399051591	3.4129737278896	Subject 8	17	Subject 8
#BC80BD	2.65803094060587	5.1463574147835	-2.26296135405229	0.504227980757881	Subject 9	17	Subject 9
#FFFFB3	2.31338580192585	6.33578806183947	0.966029490096329	5.21039390500247	Subject 10	17	Subject 10
#8DD3C7	1.45819819244435	5.75289054893004	-1.82590818267812	1.91525064894321	Subject 1	18	Subject 1
#BEBADA	-1.25279000476149	3.13995126065923	-3.49057334030167	2.23898483958982	Subject 2	18	Subject 2
#FB8072	4.45981468016596	7.45897096716514	1.05576932007775	4.99737715467038	Subject 3	18	Subject 3
#80B1D3	0.577253561613859	4.25152644179043	-1.5438747906205	1.91906142477059	Subject 4	18	Subject 4
#FDB462	4.50413103538777	7.49578222995892	-3.32655720790066	1.42072948826508	Subject 5	18	Subject 5
#B3DE69	0.967648381792614	4.33221689975885	-0.972066880632228	2.54067528397804	Subject 6	18	Subject 6
#FCCDE5	1.05480615169204	3.8449654637047	-2.48832486421443	2.88458291726508	Subject 7	18	Subject 7
#D9D9D9	2.09577985110935	4.97931605045666	-4.39673519101703	-0.774407551663246	Subject 8	18	Subject 8
#BC80BD	0.568945426755121	5.19882658933106	-0.473797991476152	2.91004939440545	Subject 9	18	Subject 9
#FFFFB3	1.02305862979385	4.75053705961522	0.718410767858378	3.55028571678369	Subject 10	18	Subject 10
#8DD3C7	2.91554805069294	5.9990133836714	0.987175831736782	3.3791156567921	Subject 1	19	Subject 1
#BEBADA	3.87817697424951	9.58786553551115	0.866997456559688	2.9172136605177	Subject 2	19	Subject 2
#FB8072	1.6720314047955	4.50393041484885	0.806224961299022	4.46552504306804	Subject 3	19	Subject 3
#80B1D3	3.21345341383112	5.4324171536786	-1.50204859306015	2.67267693427117	Subject 4	19	Subject 4
#FDB462	3.59322393463557	5.34009148606735	0.286195440066511	2.00841787928928	Subject 5	19	Subject 5
#B3DE69	4.31882349584574	8.96994946539244	1.23745788037663	5.52798236132371	Subject 6	19	Subject 6
#FCCDE5	3.39416951413373	6.86133688853096	-0.510366691633748	3.91193966583987	Subject 7	19	Subject 7
#D9D9D9	-0.209530632904479	3.51491001012324	-2.05594843881755	3.23878892438917	Subject 8	19	Subject 8
#BC80BD	0.261382964351997	4.55100993698104	1.75997173883557	5.92468575740952	Subject 9	19	Subject 9
#FFFFB3	0.540981117026259	4.0744970552355	-0.175484297263345	4.02946954353689	Subject 10	19	Subject 10
#8DD3C7	3.32337856199888	7.09503594490435	2.96497872348645	7.22451017925425	Subject 1	20	Subject 1
#BEBADA	1.62404068044837	6.29939624287591	-2.0184991731879	2.14306089773017	Subject 2	20	Subject 2
#FB8072	2.45719365199554	5.22394895848923	-0.842418307186603	4.08865660214875	Subject 3	20	Subject 3
#80B1D3	2.831949701017	5.63198815659422	-2.03002894828203	1.91002430245835	Subject 4	20	Subject 4
#FDB462	3.10541343978872	7.87128001640483	1.79180303368227	5.84054273375972	Subject 5	20	Subject 5
#B3DE69	1.4314677235861	4.84336986230313	-0.0983260290492753	2.82879857021676	Subject 6	20	Subject 6
#FCCDE5	1.33109001116532	4.67079418118974	1.50449364832118	3.21152221784051	Subject 7	20	Subject 7
#D9D9D9	0.213169085389906	4.32618260758725	1.29965980049053	4.09245295042618	Subject 8	20	Subject 8
#BC80BD	0.244684833299272	3.92428603361323	-2.16561275744748	1.94849667234972	Subject 9	20	Subject 9
#FFFFB3	1.72040919420788	7.58679069114667	0.307159963331285	3.27386288422591	Subject 10	20	Subject 10
#8DD3C7	4.85452793015954	6.30070307920871	-2.15002674420895	1.83687260341948	Subject 1	21	Subject 1
#BEBADA	3.76813301001676	7.5321990606827	3.10801057351728	7.77597864807538	Subject 2	21	Subject 2
#FB8072	2.76454174350889	6.50497910024746	2.12728991638033	6.11412221342817	Subject 3	21	Subject 3
#80B1D3	2.12836999507284	5.46500307845365	0.159018916510765	4.93506594698707	Subject 4	21	Subject 4
#FDB462	-0.371884365764291	3.30912492340956	-3.30760152010162	-1.31833685273687	Subject 5	21	Subject 5
#B3DE69	1.21092720385952	5.95332236143184	-1.24508098962042	1.62673851540778	Subject 6	21	Subject 6
#FCCDE5	1.73134056481843	4.85704788903266	-0.211545920213333	4.13725365137239	Subject 7	21	Subject 7
#D9D9D9	4.56786517219122	6.48505140588795	1.799061044179	5.44616256208208	Subject 8	21	Subject 8
#BC80BD	4.77037512209229	8.8641430249025	-2.73219569887539	2.21257889904223	Subject 9	21	Subject 9
#FFFFB3	3.20299052579039	7.2011707137876	7.02475783979781	10.0200379872713	Subject 10	21	Subject 10
#8DD3C7	3.73803145955705	7.95757947043034	-1.93745346086445	2.207344912444	Subject 1	22	Subject 1
#BEBADA	0.877187307336993	5.24748172870155	1.63499539404317	4.99438862244787	Subject 2	22	Subject 2
#FB8072	0.0343654157030975	4.3134738094337	-0.39606397597831	3.77373828358022	Subject 3	22	Subject 3
#80B1D3	1.61341840260945	5.81536083992277	-1.94818977058292	1.89462274199624	Subject 4	22	Subject 4
#FDB462	2.50605691755315	6.49306037512181	0.991925081956556	5.09286467650266	Subject 5	22	Subject 5
#B3DE69	-0.00993142001232594	3.89920357391018	0.0407964533813916	3.06740229923311	Subject 6	22	Subject 6
#FCCDE5	0.189472495685684	5.55450386100453	2.37027244000964	5.55044716475645	Subject 7	22	Subject 7
#D9D9D9	-0.546429407677346	4.36170116120582	-0.871186698064516	4.49173227096091	Subject 8	22	Subject 8
#BC80BD	4.7384920412205	8.12860386981859	2.09542449894192	7.05679542947319	Subject 9	22	Subject 9
#FFFFB3	3.149006637508	8.54544385872745	-0.377666786335351	2.73860873926354	Subject 10	22	Subject 10
#8DD3C7	0.328853660461895	5.27077787779282	-0.191550243801514	4.02466130245624	Subject 1	23	Subject 1
#BEBADA	6.17097328423344	9.92235924695388	3.12495241979896	7.3126162368254	Subject 2	23	Subject 2
#FB8072	6.36984489440462	10.4663237541111	-0.770621964875883	4.48800016033772	Subject 3	23	Subject 3
#80B1D3	1.26268307894034	4.8287521376386	1.0485328820918	5.57205066300076	Subject 4	23	Subject 4
#FDB462	-1.093944458952	5.08472340849957	-2.32472115088574	2.79073312659422	Subject 5	23	Subject 5
#B3DE69	9.32638014320242	10.3676005240723	1.11969806400367	4.1621958218332	Subject 6	23	Subject 6
#FCCDE5	3.01881370909406	7.09970194829317	2.76353911171157	6.63913353185614	Subject 7	23	Subject 7
#D9D9D9	2.91843088197516	7.02856868659238	-0.122680744056457	4.06905708499351	Subject 8	23	Subject 8
#BC80BD	2.64554910674423	6.85899743305689	2.7288431009436	7.00106035154695	Subject 9	23	Subject 9
#FFFFB3	6.18863017895883	8.6308105663265	6.10130000765916	9.40748554398591	Subject 10	23	Subject 10
#8DD3C7	6.51975763249677	8.99693005091176	0.442674293806762	5.74811263594783	Subject 1	24	Subject 1
#BEBADA	2.13302506065749	5.01990685277142	1.32986323714182	7.12518710858261	Subject 2	24	Subject 2
#FB8072	-1.04911189648665	4.19187199904925	2.20046672049809	5.03263149302464	Subject 3	24	Subject 3
#80B1D3	3.60323925364985	7.60672118871284	-0.238952163117966	2.60876021190002	Subject 4	24	Subject 4
#FDB462	4.7480081875755	7.51021360158244	1.21654387641651	4.30208840707086	Subject 5	24	Subject 5
#B3DE69	4.41040458254086	8.96610370143889	-3.68118285510157	0.84754517743206	Subject 6	24	Subject 6
#FCCDE5	1.99905307926337	3.81590372990347	0.988353051853899	5.82343197890248	Subject 7	24	Subject 7
#D9D9D9	2.42693533007083	6.17991087297358	1.73322981991123	6.94236679400276	Subject 8	24	Subject 8
#BC80BD	-0.413301400871378	4.69955552671507	-2.00121052422706	3.29826202113375	Subject 9	24	Subject 9
#FFFFB3	4.66036410270238	8.31869086569329	-4.40991522950096	0.665817074708936	Subject 10	24	Subject 10
#8DD3C7	4.49925042464872	9.25995366940847	-2.01013189850591	2.75369303842895	Subject 1	25	Subject 1
#BEBADA	3.52236281293514	7.13113596069193	-2.4254612565312	0.971151366609405	Subject 2	25	Subject 2
#FB8072	0.718772270813291	5.72867349462514	1.88483700874624	5.51440734604347	Subject 3	25	Subject 3
#80B1D3	1.86116460802417	5.23419146095042	3.43601644160728	8.49584237994093	Subject 4	25	Subject 4
#FDB462	4.63248269597841	6.99790532647655	3.84145385999577	8.89656438983516	Subject 5	25	Subject 5
#B3DE69	5.74445135248834	10.9896940045188	1.27415507078143	5.85712723190175	Subject 6	25	Subject 6
#FCCDE5	6.32127092385152	10.5026483704069	2.43261522980934	5.4460477942698	Subject 7	25	Subject 7
#D9D9D9	-2.59998553364496	4.89531873034064	0.777875865638378	6.46249767738236	Subject 8	25	Subject 8
#BC80BD	0.874208012879615	5.78979992620653	1.14724665952138	3.78040561383875	Subject 9	25	Subject 9
#FFFFB3	5.31401177395326	10.3625182913795	-6.02687099079547	-2.46008533940659	Subject 10	25	Subject 10
#8DD3C7	7.12918116728923	12.5710528075713	-0.141308656719876	4.147484704859	Subject 1	26	Subject 1
#BEBADA	4.26913541399487	8.2273533106095	-0.0126284135343293	4.07818290575285	Subject 2	26	Subject 2
#FB8072	4.46458959393529	9.81834407169907	2.20772702494192	6.47035020165314	Subject 3	26	Subject 3
#80B1D3	2.98133415634381	8.92655943226665	-0.52337802579358	3.54595688699767	Subject 4	26	Subject 4
#FDB462	1.45360232376976	4.96266409006162	2.12192838018362	5.59328456132679	Subject 5	26	Subject 5
#B3DE69	1.8108146364316	6.19925371137622	-2.1795678336314	1.69023000184983	Subject 6	26	Subject 6
#FCCDE5	3.9529494757533	7.10805621656732	-2.66510463884647	2.95505410550934	Subject 7	26	Subject 7
#D9D9D9	-3.02594954109068	1.71204082678041	-2.73926346982713	1.2428414068494	Subject 8	26	Subject 8
#BC80BD	2.04405171248483	4.96429138120097	1.4280416639644	4.10955226501511	Subject 9	26	Subject 9
#FFFFB3	5.31040596256871	8.28393208632508	0.610028752349838	3.76546859176856	Subject 10	26	Subject 10
#8DD3C7	1.36347458334533	5.02926592669025	0.42925624474048	5.87699805077703	Subject 1	27	Subject 1
#BEBADA	1.63231008589422	5.56732934207578	1.41085310237429	5.67572121663855	Subject 2	27	Subject 2
#FB8072	0.837291390998341	4.91837292971174	1.10406729133943	4.31528448355696	Subject 3	27	Subject 3
#80B1D3	-1.62759040719639	1.92419479726477	1.85410171985727	6.0218339405288	Subject 4	27	Subject 4
#FDB462	6.01503497351413	7.46122802324816	1.43347633487123	5.69105944307249	Subject 5	27	Subject 5
#B3DE69	4.87654928602106	8.56361675090205	1.36060105664929	6.2726484240996	Subject 6	27	Subject 6
#FCCDE5	2.87810755319763	6.91949070523793	1.77035875262145	5.61348637006658	Subject 7	27	Subject 7
#D9D9D9	2.82126939676117	5.08354133542355	5.0404593361151	7.00708362766801	Subject 8	27	Subject 8
#BC80BD	1.50066690549198	6.05060656519036	-0.760236312869719	1.94009786405171	Subject 9	27	Subject 9
#FFFFB3	4.49610551833349	7.89883182574017	4.14527470352453	7.28802404359549	Subject 10	27	Subject 10
#8DD3C7	4.77767280331634	8.12738837482842	-1.47280114370258	1.80281926357306	Subject 1	28	Subject 1
#BEBADA	3.53191908798717	6.52873585967381	0.602668748531872	5.28944783610661	Subject 2	28	Subject 2
#FB8072	2.63881987249752	6.10370595962304	-0.561414592959046	3.88867119868557	Subject 3	28	Subject 3
#80B1D3	1.96542561907343	5.85501105229664	-1.83951214062018	3.20570946548486	Subject 4	28	Subject 4
#FDB462	3.60717482978096	8.20760499909453	1.24381255961542	5.39344159405286	Subject 5	28	Subject 5
#B3DE69	1.68921291864428	6.10505797824296	2.11680258563867	4.97573543243798	Subject 6	28	Subject 6
#FCCDE5	2.85703317745273	6.75128253077573	2.92808383735847	7.73058323977812	Subject 7	28	Subject 7
#D9D9D9	2.14832681656115	5.29176427831503	1.81480825762125	5.08609172665181	Subject 8	28	Subject 8
#BC80BD	0.259828850000083	5.38715618432225	0.259460718119148	4.78667000384763	Subject 9	28	Subject 9
#FFFFB3	5.05222836700257	9.96850998845102	5.16819840845345	10.8416771806658	Subject 10	28	Subject 10
#8DD3C7	1.66830906049778	4.25637885841889	0.7200301686594	4.50435632195476	Subject 1	29	Subject 1
#BEBADA	6.39217370619223	11.4554694984833	0.175365437389314	5.23834395746047	Subject 2	29	Subject 2
#FB8072	6.27936307838736	10.733280957285	0.952720168154592	5.57306669473484	Subject 3	29	Subject 3
#80B1D3	2.26694995810699	7.21826293512678	3.75661509243313	8.42968174431213	Subject 4	29	Subject 4
#FDB462	3.5967133057422	6.99819559234069	-1.31951826126108	5.31419130168725	Subject 5	29	Subject 5
#B3DE69	3.34927465258807	5.50733460224194	-0.772817648938123	3.39329674973485	Subject 6	29	Subject 6
#FCCDE5	2.90155946206572	6.41696992891779	1.53198093053746	7.43715646807172	Subject 7	29	Subject 7
#D9D9D9	5.41268617060401	8.50583935558062	1.53408539886551	5.7878038001786	Subject 8	29	Subject 8
#BC80BD	0.890700765793582	7.11346321319796	2.10108694961205	4.64206498235776	Subject 9	29	Subject 9
#FFFFB3	3.62607351236252	7.21260693598635	3.195600647681	4.96835240640064	Subject 10	29	Subject 10
#8DD3C7	4.96361087226326	9.63512333240765	1.7461634176865	6.18766597278205	Subject 1	30	Subject 1
#BEBADA	2.7741645423201	5.22883599860567	0.654751194131576	5.40110244069794	Subject 2	30	Subject 2
#FB8072	4.22246838134818	7.94542115335708	0.965666032337899	5.75530890616258	Subject 3	30	Subject 3
#80B1D3	7.86875889606607	11.2394159040941	0.0383832498632275	4.80912375690277	Subject 4	30	Subject 4
#FDB462	5.16086558048429	8.22786512886454	0.960201286865273	5.16070760469564	Subject 5	30	Subject 5
#B3DE69	4.19474834981455	6.65686186558629	0.809173201220095	6.27752323289785	Subject 6	30	Subject 6
#FCCDE5	0.39789772058175	3.9037956709818	2.33654459679723	5.46008911285648	Subject 7	30	Subject 7
#D9D9D9	2.61638178895527	6.18102177368508	5.26855766372134	8.04195297000022	Subject 8	30	Subject 8
#BC80BD	3.01053639668687	6.68699172040664	-1.39296638175491	2.94487153821966	Subject 9	30	Subject 9
#FFFFB3	6.39896827479881	8.33785465588262	3.72920281954035	8.1700269067945	Subject 10	30	Subject 10
#8DD3C7	2.48761929675577	6.92631489629716	-0.374989985669763	2.11649237695789	Subject 1	31	Subject 1
#BEBADA	3.99414178984056	8.55228269188713	2.90629322892928	6.9139638333263	Subject 2	31	Subject 2
#FB8072	4.98482243989482	8.70841605691737	1.49410801996807	6.01827604196846	Subject 3	31	Subject 3
#80B1D3	4.37620802531207	9.5424961042943	2.59301198431025	7.91934785588104	Subject 4	31	Subject 4
#FDB462	7.18025160905942	8.72597437412203	1.03615275981128	4.92258502537872	Subject 5	31	Subject 5
#B3DE69	6.46955910486656	9.66399284541199	-0.186612263124678	5.41253721527218	Subject 6	31	Subject 6
#FCCDE5	-0.598042770054824	3.28281267932515	5.72360917084064	9.44208107191246	Subject 7	31	Subject 7
#D9D9D9	7.57437992977294	11.7375961639117	-2.94703687225641	1.00306498883308	Subject 8	31	Subject 8
#BC80BD	4.90876553867297	9.31524504643588	1.80172186650511	5.96193599382624	Subject 9	31	Subject 9
#FFFFB3	2.73960931068654	7.37894930633085	2.12081696700197	5.61843640459664	Subject 10	31	Subject 10
#8DD3C7	4.84311110032446	10.8206410947803	-1.99793719821942	2.19160396747578	Subject 1	32	Subject 1
#BEBADA	2.01622829109539	5.40062249625177	0.476554944383891	4.37072733551802	Subject 2	32	Subject 2
#FB8072	3.62900206879016	9.14842367000125	5.02957348062662	8.4270190080939	Subject 3	32	Subject 3
#80B1D3	3.53536249730184	7.10246730374003	1.01495251050358	3.71893657924154	Subject 4	32	Subject 4
#FDB462	3.82136137233149	6.79034366426978	-0.153014058225504	1.88765930306794	Subject 5	32	Subject 5
#B3DE69	7.27005802325022	10.1357235249275	1.17708326710963	5.3904949976308	Subject 6	32	Subject 6
#FCCDE5	6.61498842658059	10.3938903012031	3.68031032546347	7.70564619557471	Subject 7	32	Subject 7
#D9D9D9	7.60726040685729	11.5848457079533	-2.63845420234666	2.72656898551328	Subject 8	32	Subject 8
#BC80BD	4.03385732779507	7.7109554997711	0.546812152299368	4.83790596054423	Subject 9	32	Subject 9
#FFFFB3	3.93868999523106	8.99091315495661	1.73705223353818	6.53426993466427	Subject 10	32	Subject 10
#8DD3C7	5.27474621703071	8.08919928047193	3.37761650990651	9.15162587506153	Subject 1	33	Subject 1
#BEBADA	3.29254654609674	6.6341572553997	-0.769090306962863	3.99687760901371	Subject 2	33	Subject 2
#FB8072	4.63452731193308	9.72403526072463	0.751465423582827	5.58375326659358	Subject 3	33	Subject 3
#80B1D3	5.0251812520219	9.53396719318256	2.87519575795229	4.96973823547917	Subject 4	33	Subject 4
#FDB462	3.03316785127335	6.89726122567292	1.08523788149038	5.06440120529597	Subject 5	33	Subject 5
#B3DE69	4.59689273802229	8.48811000106539	2.8219446341094	6.41301072166118	Subject 6	33	Subject 6
#FCCDE5	8.22411322199667	12.9790133824513	1.65447015306942	4.27808384649262	Subject 7	33	Subject 7
#D9D9D9	2.45337353424074	6.22956221262077	3.35403174312367	8.08146211751693	Subject 8	33	Subject 8
#BC80BD	7.50687959866948	11.5818347696094	1.0237734771499	6.25790425838699	Subject 9	33	Subject 9
#FFFFB3	4.9688395681052	7.3228847659552	2.96145147542823	6.40822706955076	Subject 10	33	Subject 10
#8DD3C7	4.29694443793519	8.38629485034987	4.41524645248462	8.01060961244294	Subject 1	34	Subject 1
#BEBADA	7.85417665923459	12.5916712964545	-1.81041440566816	2.04381637006936	Subject 2	34	Subject 2
#FB8072	2.27057391569186	4.73019447112008	-1.21354156913215	3.50592479893522	Subject 3	34	Subject 3
#80B1D3	6.63325771720004	9.94362542455123	2.82863633711451	6.33754558489518	Subject 4	34	Subject 4
#FDB462	3.74206062193345	8.60185408214288	-0.750597458221121	3.72536098019738	Subject 5	34	Subject 5
#B3DE69	4.75763818752898	8.38111844685321	-0.269636606719125	4.30351706133355	Subject 6	34	Subject 6
#FCCDE5	4.84559304960834	6.31050957930311	1.0187242541551	3.99986467643946	Subject 7	34	Subject 7
#D9D9D9	7.42229537234669	10.5644861437295	0.741967660565048	4.68009542612868	Subject 8	34	Subject 8
#BC80BD	2.1376515743694	6.95367798129557	3.07654892129447	6.53824381969002	Subject 9	34	Subject 9
#FFFFB3	6.93851343948948	10.5119245302637	-0.0144888926439006	4.40246583346686	Subject 10	34	Subject 10
#8DD3C7	1.40835766807516	6.55853570740387	1.66178966799743	5.97239718983583	Subject 1	35	Subject 1
#BEBADA	8.09660595197888	12.060073759091	1.60368052300272	5.45857016205329	Subject 2	35	Subject 2
#FB8072	7.75993688806028	11.6241354663237	-2.02248179936649	2.62006795432596	Subject 3	35	Subject 3
#80B1D3	2.84197942217469	7.78659746781921	2.05277585949057	6.05111649718926	Subject 4	35	Subject 4
#FDB462	3.16423086354965	8.15627222521972	1.40532379870314	5.81448676078049	Subject 5	35	Subject 5
#B3DE69	3.53335998119221	6.8326902262233	1.28688236426056	4.79082421695041	Subject 6	35	Subject 6
#FCCDE5	5.22244805232191	8.23138938048732	1.9536213982428	4.99351343934164	Subject 7	35	Subject 7
#D9D9D9	4.35073309974691	7.64511504708809	1.88083227975944	6.65896450432987	Subject 8	35	Subject 8
#BC80BD	5.81316484029691	8.63738894696869	1.81288712583857	6.57400774216641	Subject 9	35	Subject 9
#FFFFB3	2.14016334968161	4.35896639794129	1.50363057078436	3.76991838690113	Subject 10	35	Subject 10
#8DD3C7	6.70833679403062	11.2008418132764	0.891692199961359	3.80195752711575	Subject 1	36	Subject 1
#BEBADA	1.62594083260646	5.68057341165877	1.72072872736715	5.31506318326729	Subject 2	36	Subject 2
#FB8072	5.46296238945865	8.75428831329674	1.736452809866	6.26336006946376	Subject 3	36	Subject 3
#80B1D3	4.4393908682535	8.38112011580995	0.413178808057499	4.653598789833	Subject 4	36	Subject 4
#FDB462	5.42559837827672	8.46217655603921	0.618754136007295	5.51711659325666	Subject 5	36	Subject 5
#B3DE69	7.3457788154703	11.4391721120762	3.5243115647696	8.01227969170508	Subject 6	36	Subject 6
#FCCDE5	2.86351484548975	6.51561371203064	1.18251335815114	5.29450472334868	Subject 7	36	Subject 7
#D9D9D9	4.72819982981299	8.60986539166744	1.60395396518836	6.60226731232458	Subject 8	36	Subject 8
#BC80BD	10.856150458668	13.7570595014931	1.74322606593308	6.9349428746865	Subject 9	36	Subject 9
#FFFFB3	2.38492559431007	6.10184918188784	3.11376230234139	5.71437473521768	Subject 10	36	Subject 10
#8DD3C7	7.96034178061726	10.4082491659698	1.72445909395133	6.17168013364399	Subject 1	37	Subject 1
#BEBADA	7.4451626733359	10.4666732080273	0.303615996537703	3.98416501461169	Subject 2	37	Subject 2
#FB8072	7.27021985511391	11.2974382102739	4.7919560359529	8.24817718601598	Subject 3	37	Subject 3
#80B1D3	4.44018073389634	6.72460841689925	1.25201310478454	4.97233966229603	Subject 4	37	Subject 4
#FDB462	10.4703057021988	13.9654176757061	2.38874098982728	7.45397359019422	Subject 5	37	Subject 5
#B3DE69	0.363960991842618	4.05903831092505	-0.416934534299334	5.15089421484628	Subject 6	37	Subject 6
#FCCDE5	4.74068695731486	10.0867651927415	-0.0982097170617302	3.25867820397973	Subject 7	37	Subject 7
#D9D9D9	5.76498168325502	9.50744499245832	0.478061727420027	4.49858347593072	Subject 8	37	Subject 8
#BC80BD	5.36224899750899	8.83896169685065	-0.251590612520505	3.42422492910401	Subject 9	37	Subject 9
#FFFFB3	7.22735547521265	10.56413767624	1.83751493426224	7.69491095643761	Subject 10	37	Subject 10
#8DD3C7	7.08221948905642	10.4808364912198	3.50068644327852	7.73044908097784	Subject 1	38	Subject 1
#BEBADA	2.10665463349715	5.97083849691726	1.47229183156147	6.98400262311523	Subject 2	38	Subject 2
#FB8072	5.22541899330963	8.23814620838912	3.28432725092261	7.83976524007329	Subject 3	38	Subject 3
#80B1D3	0.598538069278827	5.43046308389709	3.34765059594086	8.26252939719023	Subject 4	38	Subject 4
#FDB462	5.81159928130466	9.01653976488918	4.35651932127526	7.80312269699575	Subject 5	38	Subject 5
#B3DE69	6.83769660065151	11.1781612126673	4.12288365986052	8.42125974937054	Subject 6	38	Subject 6
#FCCDE5	3.37580584731301	8.24623566765992	1.83761325045928	6.94399279011142	Subject 7	38	Subject 7
#D9D9D9	3.62606691847395	6.44390591322757	2.80809683962713	5.47894725479471	Subject 8	38	Subject 8
#BC80BD	7.60012136043348	12.6230153361684	-0.611625629833887	4.39006849905213	Subject 9	38	Subject 9
#FFFFB3	4.72495732894492	6.61652275270158	0.0838336947652363	2.67452982100783	Subject 10	38	Subject 10
#8DD3C7	5.42709407721367	8.17778182406126	0.486813661595096	5.26726555925725	Subject 1	39	Subject 1
#BEBADA	10.8716960828692	15.2193313270846	0.730243063710733	4.7753481372648	Subject 2	39	Subject 2
#FB8072	7.96023796164286	9.68242430247125	1.96183898690599	5.85334982800842	Subject 3	39	Subject 3
#80B1D3	6.11141820215842	9.12520902096479	4.78071401409111	8.38948970402015	Subject 4	39	Subject 4
#FDB462	7.78730203019786	11.7277606866457	3.33442277528312	5.64742327095453	Subject 5	39	Subject 5
#B3DE69	5.39276243146043	9.23200294098631	4.05992611478671	7.10722165963503	Subject 6	39	Subject 6
#FCCDE5	7.25379867859741	10.8334371582571	2.90442154038924	7.41183565249264	Subject 7	39	Subject 7
#D9D9D9	4.61651405214305	9.60510506847166	2.09378874942277	6.11260484842949	Subject 8	39	Subject 8
#BC80BD	1.62435780387133	4.55474401276271	3.95169693611484	6.53278656252921	Subject 9	39	Subject 9
#FFFFB3	8.05159700021484	9.43795353319973	1.32428128520044	5.92245321655268	Subject 10	39	Subject 10
#8DD3C7	7.95458979026697	11.1909286967059	1.08896545876559	5.53191968626476	Subject 1	40	Subject 1
#BEBADA	6.40678990029551	9.05467791609554	-0.533798968137429	4.22578834392175	Subject 2	40	Subject 2
#FB8072	5.63971475965535	10.2947391698834	4.23764828772613	7.76877062170701	Subject 3	40	Subject 3
#80B1D3	8.0134574362927	13.6231041966477	6.6783630704846	10.5056530926008	Subject 4	40	Subject 4
#FDB462	7.18393088054349	10.3954239146656	1.00721881940707	5.68926871879287	Subject 5	40	Subject 5
#B3DE69	8.88168831240793	11.9978121998819	5.07850092117941	8.79692359293786	Subject 6	40	Subject 6
#FCCDE5	6.44610288015084	9.37358826835726	2.00699342061819	5.04537084668637	Subject 7	40	Subject 7
#D9D9D9	9.18804618040149	12.7299051989536	4.53581130814714	7.15816116341458	Subject 8	40	Subject 8
#BC80BD	5.5158089188261	10.1814559344043	-1.327176931722	5.37040970491636	Subject 9	40	Subject 9
#FFFFB3	7.47938280818975	12.1916110206085	3.40115008435488	5.70143502879195	Subject 10	40	Subject 10
#8DD3C7	6.21561555395004	10.3016510572268	0.252422436794599	4.00935798825524	Subject 1	41	Subject 1
#BEBADA	10.1344371930067	14.0028201515982	3.69668994173568	7.37833711388179	Subject 2	41	Subject 2
#FB8072	8.71304773982585	11.036995760886	2.48574779067053	6.23164139716252	Subject 3	41	Subject 3
#80B1D3	6.11405633321472	9.54455834244661	3.18383890270519	7.82272633286826	Subject 4	41	Subject 4
#FDB462	7.1705557800805	11.362760930977	2.74286297219185	7.56392835535794	Subject 5	41	Subject 5
#B3DE69	10.0130739444059	13.5267510236531	0.891234258799816	7.22671334538177	Subject 6	41	Subject 6
#FCCDE5	6.53861363316332	10.6198976461572	3.46815587341947	6.48484831580841	Subject 7	41	Subject 7
#D9D9D9	4.86937635223465	9.25427359901895	0.0326715886000546	3.3252141485938	Subject 8	41	Subject 8
#BC80BD	9.17253687466333	13.0350349036252	-1.03091443833277	3.61323466301715	Subject 9	41	Subject 9
#FFFFB3	9.7241903505111	14.1517834597502	2.72266564944552	8.36033097939173	Subject 10	41	Subject 10
#8DD3C7	7.66253870334886	14.0440539953084	1.61798457096151	7.10169977523462	Subject 1	42	Subject 1
#BEBADA	4.69057320666057	10.2386043200162	0.130116004294158	2.03159960412965	Subject 2	42	Subject 2
#FB8072	4.26615687325953	9.82091887178851	1.9868284195358	5.72717975347904	Subject 3	42	Subject 3
#80B1D3	9.76374892760392	13.8218601577178	1.19575184639174	5.52981978227892	Subject 4	42	Subject 4
#FDB462	9.90558315794171	13.0658042424146	3.29239243188293	7.07275484024971	Subject 5	42	Subject 5
#B3DE69	6.54349345979415	11.1146169084496	1.60342903918249	4.67165723589339	Subject 6	42	Subject 6
#FCCDE5	9.76835270022311	13.8344004827862	3.22556034461808	7.1033201263215	Subject 7	42	Subject 7
#D9D9D9	4.59169659423922	12.1763560871692	2.60331786836777	7.94184629182953	Subject 8	42	Subject 8
#BC80BD	5.7301470472201	7.79825149356883	2.31551717930438	4.96718598926002	Subject 9	42	Subject 9
#FFFFB3	6.4001959115559	10.1973634073099	1.40556760834384	6.82040333285382	Subject 10	42	Subject 10
#8DD3C7	7.7039970537384	13.1521987283203	4.44575352482318	7.45862109151567	Subject 1	43	Subject 1
#BEBADA	4.16955199330931	8.08369633271744	3.35868820321117	6.53698005715077	Subject 2	43	Subject 2
#FB8072	4.38536419147747	6.81159438982401	2.81713536165173	7.30666628416646	Subject 3	43	Subject 3
#80B1D3	6.02283928805972	11.3153154475264	4.85487789504132	8.55560043613184	Subject 4	43	Subject 4
#FDB462	7.13036541302153	11.2148331685892	4.1752840521771	8.83353895075145	Subject 5	43	Subject 5
#B3DE69	8.48889318945118	13.4559391859313	1.76076534520631	6.5931748948771	Subject 6	43	Subject 6
#FCCDE5	5.55534475920639	11.4944577534234	2.84744819738021	7.2109114586029	Subject 7	43	Subject 7
#D9D9D9	6.9008068688643	11.9806795070299	5.88442742928002	9.48578177066306	Subject 8	43	Subject 8
#BC80BD	9.35528972810211	13.001696201269	5.99169901969682	8.49376903019112	Subject 9	43	Subject 9
#FFFFB3	9.00883993255852	12.87391680784	0.288190589675528	4.40281876494799	Subject 10	43	Subject 10
#8DD3C7	5.46515973146762	7.98357379918587	-1.49181560095247	1.66442446811708	Subject 1	44	Subject 1
#BEBADA	7.79487217309136	12.3890433119549	2.64014412302153	5.67825567873326	Subject 2	44	Subject 2
#FB8072	8.77312814367693	11.9182534565574	0.715986514194311	4.72703616755086	Subject 3	44	Subject 3
#80B1D3	7.84698708455711	11.0170695479246	-2.55235430014049	2.66259466528136	Subject 4	44	Subject 4
#FDB462	4.64922094292146	8.79832775788561	1.09582330556057	4.20694478982228	Subject 5	44	Subject 5
#B3DE69	5.77779844051432	8.80165239913027	1.5437906714717	5.76189193291831	Subject 6	44	Subject 6
#FCCDE5	5.96433358444303	9.66964917678664	0.523663075610672	3.86754607600363	Subject 7	44	Subject 7
#D9D9D9	7.47993894812336	10.708964032308	4.37557764496722	7.28706179768656	Subject 8	44	Subject 8
#BC80BD	11.3168642330313	15.70914794011	3.6697151623145	8.7608460604222	Subject 9	44	Subject 9
#FFFFB3	5.38181541823044	8.53550951334595	2.03500339325863	5.46577607160084	Subject 10	44	Subject 10
#8DD3C7	9.99759030226791	14.4856502200945	0.926749767185291	6.35064555626923	Subject 1	45	Subject 1
#BEBADA	4.94963119834776	10.3024150193173	0.45497120743359	4.01167258187525	Subject 2	45	Subject 2
#FB8072	7.22558561148264	13.4024012027919	-1.45417638670212	1.5054901476236	Subject 3	45	Subject 3
#80B1D3	9.19569087486599	13.2470779860728	4.16622768408991	6.89233060568266	Subject 4	45	Subject 4
#FDB462	11.7004891827504	14.862393737515	1.43110996366826	6.20126157568005	Subject 5	45	Subject 5
#B3DE69	5.88036388638942	8.795748877081	5.91999354665031	9.95151616862684	Subject 6	45	Subject 6
#FCCDE5	7.42607809693294	10.8795453278596	1.21967155840321	3.31481680696494	Subject 7	45	Subject 7
#D9D9D9	9.08490374475046	12.6583940400458	1.58491835024709	5.46116317310152	Subject 8	45	Subject 8
#BC80BD	6.60216537197027	9.39116781657049	4.1145003982088	8.11482877542224	Subject 9	45	Subject 9
#FFFFB3	7.89081042881285	12.4886034265919	2.39987168902286	5.556093344294	Subject 10	45	Subject 10
#8DD3C7	4.40528960255069	9.1093769157336	0.686023691717071	4.30596099172107	Subject 1	46	Subject 1
#BEBADA	6.627888275435	9.96016775010297	3.51721011576365	7.69215882911087	Subject 2	46	Subject 2
#FB8072	6.14821730846632	9.44250296640917	4.28292839173135	9.31645170075612	Subject 3	46	Subject 3
#80B1D3	6.31159851898694	9.39087993907256	6.03514766311211	10.7108716585446	Subject 4	46	Subject 4
#FDB462	2.51971697303017	6.6681902650262	3.75186637992251	8.69314762283508	Subject 5	46	Subject 5
#B3DE69	7.02634287100064	10.7763255098679	6.34980265384489	8.52317258133095	Subject 6	46	Subject 6
#FCCDE5	9.56826365699591	12.6264947028846	3.38973761275763	7.56694199405419	Subject 7	46	Subject 7
#D9D9D9	8.90562541172767	14.1198244303666	0.140900713771436	3.94909285182417	Subject 8	46	Subject 8
#BC80BD	11.3394217552951	15.3579881882953	1.20235294458203	4.5521542345722	Subject 9	46	Subject 9
#FFFFB3	7.35166409091414	12.1094957903717	6.65431992057218	10.0936235793122	Subject 10	46	Subject 10
#8DD3C7	9.82371374137815	15.6793494318216	0.362190118559462	4.83462506336287	Subject 1	47	Subject 1
#BEBADA	8.04664150864034	12.4754968931166	2.57200502715663	7.83864493697669	Subject 2	47	Subject 2
#FB8072	6.24539168949062	11.9761818290804	3.59838189746405	7.11306551851715	Subject 3	47	Subject 3
#80B1D3	9.29981326135786	13.2562895872185	4.64211159407318	8.18057800788884	Subject 4	47	Subject 4
#FDB462	6.67454940502217	9.94346359688466	6.41940371189437	10.1876453746156	Subject 5	47	Subject 5
#B3DE69	8.66068276454161	10.694718688321	4.98030473727838	10.0406585097166	Subject 6	47	Subject 6
#FCCDE5	9.73029196911085	14.8571572842994	0.435809263979303	3.96102355947803	Subject 7	47	Subject 7
#D9D9D9	7.17878602191599	10.2907016334819	6.78597284942436	10.6104625684667	Subject 8	47	Subject 8
#BC80BD	5.36600782527758	10.2373670856696	2.58039472563972	7.37671922472887	Subject 9	47	Subject 9
#FFFFB3	6.24346772642702	10.3633612930434	1.53728913519402	6.31603445104709	Subject 10	47	Subject 10
#8DD3C7	9.14469161376859	13.2425186512158	1.53038428036719	5.62401576584623	Subject 1	48	Subject 1
#BEBADA	6.96559263137429	12.4306136599711	3.33886366261617	5.21902924748482	Subject 2	48	Subject 2
#FB8072	8.6300079433075	13.6204437960318	5.98511908487373	10.8375621736984	Subject 3	48	Subject 3
#80B1D3	7.46479276391166	12.8791795146339	2.52881417983607	6.68318875214933	Subject 4	48	Subject 4
#FDB462	7.00231880835102	9.66642103903768	2.51695742053259	5.54509578032718	Subject 5	48	Subject 5
#B3DE69	10.9189771424056	15.4985607807988	1.59398963295154	4.4925617970284	Subject 6	48	Subject 6
#FCCDE5	4.05488866112083	7.69306744682218	2.15396540027471	5.46372051197761	Subject 7	48	Subject 7
#D9D9D9	9.314482987252	13.2676305376002	3.42323255395672	5.83959763174547	Subject 8	48	Subject 8
#BC80BD	8.5830741014951	11.9835966300833	0.0156728326330922	4.15343889914693	Subject 9	48	Subject 9
#FFFFB3	7.53800296567552	11.7531074588984	4.33422365605273	9.83656761101556	Subject 10	48	Subject 10
#8DD3C7	8.88768269058354	11.4838436580096	0.631185309825327	5.01233424918731	Subject 1	49	Subject 1
#BEBADA	9.05372143449391	12.6548975036014	1.21074980340723	4.79328120230946	Subject 2	49	Subject 2
#FB8072	4.88879831737764	8.77837651781284	2.64524738163923	6.73810880242696	Subject 3	49	Subject 3
#80B1D3	5.18363777901789	8.25955932774449	2.8143700624403	6.15078552666407	Subject 4	49	Subject 4
#FDB462	6.68575572637923	9.32851272596348	-1.07887408525812	3.72395330424943	Subject 5	49	Subject 5
#B3DE69	9.83944220087209	12.6448377181208	4.82571016487029	7.12262751947573	Subject 6	49	Subject 6
#FCCDE5	6.29524000027081	9.76675222098302	-1.0763456764681	3.07756139609674	Subject 7	49	Subject 7
#D9D9D9	9.14351049477758	12.6908836080566	2.05649332693289	6.08256882685425	Subject 8	49	Subject 8
#BC80BD	6.65278239372675	12.0722675868881	2.48232765164348	7.53819103072859	Subject 9	49	Subject 9
#FFFFB3	9.21008753703105	11.9244063925153	1.60823411899771	5.3837670046472	Subject 10	49	Subject 10
#8DD3C7	9.89038421095501	12.0960013465371	4.01342949168707	7.43649481979006	Subject 1	50	Subject 1
#BEBADA	8.0920104550443	13.506525363503	4.12949892509726	7.99723157680723	Subject 2	50	Subject 2
#FB8072	6.39700555274854	11.0153434445095	5.80267042638562	10.3894985269736	Subject 3	50	Subject 3
#80B1D3	9.00770216402457	10.6572467768253	4.65547646271274	9.19047673971034	Subject 4	50	Subject 4
#FDB462	7.4992418069339	11.966273393028	3.87357732569655	7.4801673887293	Subject 5	50	Subject 5
#B3DE69	10.2072917418766	14.2711236800201	2.04839870006646	5.5077892828571	Subject 6	50	Subject 6
#FCCDE5	8.60657216607535	12.3503117242551	3.58437864320311	7.84382955843769	Subject 7	50	Subject 7
#D9D9D9	8.95346545084239	12.208943412589	3.87215674025881	6.69387797924995	Subject 8	50	Subject 8
#BC80BD	13.3217154751094	16.0526901985652	-0.825651926831634	3.48048655171704	Subject 9	50	Subject 9
#FFFFB3	8.4012822208074	13.2639102287382	-0.168802707347855	4.0046785217725	Subject 10	50	Subject 10
